{
"id":"contents",
"tableOfContents":[
,
{
"level":"1",
"title":"Psalms",
"verseId":"PS0_0"
},
{
"level":"2",
"title":"1",
"verseId":"PS1_0"
},
{
"level":"2",
"title":"2",
"verseId":"PS2_0"
},
{
"level":"2",
"title":"3",
"verseId":"PS3_0"
},
{
"level":"2",
"title":"A Psalm of David, when he fled from the presence of his son Abessalom.",
"verseId":"PS3_1"
},
{
"level":"2",
"title":"4",
"verseId":"PS4_0"
},
{
"level":"2",
"title":"For the end, a Song of David among the Psalms.",
"verseId":"PS4_1"
},
{
"level":"2",
"title":"5",
"verseId":"PS5_0"
},
{
"level":"2",
"title":"For the end, a Psalm of David, concerning her that inherits.",
"verseId":"PS5_1"
},
{
"level":"2",
"title":"6",
"verseId":"PS6_0"
},
{
"level":"2",
"title":"For the end, a Psalm of David among the Hymns for the eighth.",
"verseId":"PS6_1"
},
{
"level":"2",
"title":"7",
"verseId":"PS7_0"
},
{
"level":"2",
"title":"A Psalm of David, which he sang to the Lord because of the words of Chusi the 7. 1 Lit. son of Jemini.Benjamite.",
"verseId":"PS7_1"
},
{
"level":"2",
"title":"8",
"verseId":"PS8_0"
},
{
"level":"2",
"title":"For the end, concerning the wine-presses, a Psalm of David.",
"verseId":"PS8_1"
},
{
"level":"2",
"title":"9",
"verseId":"PS9_0"
},
{
"level":"2",
"title":"For the end, a Psalm of David, concerning the secrets of the Son.",
"verseId":"PS9_1"
},
{
"level":"2",
"title":"10",
"verseId":"PS10_0"
},
{
"level":"2",
"title":"For the end, a Psalm of David.",
"verseId":"PS10_1"
},
{
"level":"2",
"title":"11",
"verseId":"PS11_0"
},
{
"level":"2",
"title":"For the end, a Psalm of David, upon the eighth.",
"verseId":"PS11_1"
},
{
"level":"2",
"title":"12",
"verseId":"PS12_0"
},
{
"level":"2",
"title":"For the end, a Psalm of David.",
"verseId":"PS12_1"
},
{
"level":"2",
"title":"13",
"verseId":"PS13_0"
},
{
"level":"2",
"title":"For the end, a Psalm of David.",
"verseId":"PS13_1"
},
{
"level":"2",
"title":"14",
"verseId":"PS14_0"
},
{
"level":"2",
"title":"A Psalm of David.",
"verseId":"PS14_1"
},
{
"level":"2",
"title":"15",
"verseId":"PS15_0"
},
{
"level":"2",
"title":"A writing of David.",
"verseId":"PS15_1"
},
{
"level":"2",
"title":"16",
"verseId":"PS16_0"
},
{
"level":"2",
"title":"A Prayer of David.",
"verseId":"PS16_1"
},
{
"level":"2",
"title":"17",
"verseId":"PS17_0"
},
{
"level":"2",
"title":"For the end, a Psalm of David the servant of the Lord; the words which he spoke to the Lord, even the words of this Song, in the day in which the Lord delivered him out of the hand of all his enemies, and out of the hand of Saul: and he said:",
"verseId":"PS17_1"
},
{
"level":"2",
"title":"18",
"verseId":"PS18_0"
},
{
"level":"2",
"title":"For the end, a Psalm of David.",
"verseId":"PS18_1"
},
{
"level":"2",
"title":"19",
"verseId":"PS19_0"
},
{
"level":"2",
"title":"For the end, a Psalm of David.",
"verseId":"PS19_1"
},
{
"level":"2",
"title":"20",
"verseId":"PS20_0"
},
{
"level":"2",
"title":"For the end, a Psalm of David.",
"verseId":"PS20_1"
},
{
"level":"2",
"title":"21",
"verseId":"PS21_0"
},
{
"level":"2",
"title":"For the end, concerning the morning aid, a Psalm of David.",
"verseId":"PS21_1"
},
{
"level":"2",
"title":"22",
"verseId":"PS22_0"
},
{
"level":"2",
"title":"A Psalm of David.",
"verseId":"PS22_1"
},
{
"level":"2",
"title":"23",
"verseId":"PS23_0"
},
{
"level":"2",
"title":"A Psalm for David on the first day of the week.",
"verseId":"PS23_1"
},
{
"level":"2",
"title":"24",
"verseId":"PS24_0"
},
{
"level":"2",
"title":"A Psalm of David.",
"verseId":"PS24_1"
},
{
"level":"2",
"title":"25",
"verseId":"PS25_0"
},
{
"level":"2",
"title":"A Psalm of David.",
"verseId":"PS25_1"
},
{
"level":"2",
"title":"26",
"verseId":"PS26_0"
},
{
"level":"2",
"title":"A Psalm of David, before he was anointed.",
"verseId":"PS26_1"
},
{
"level":"2",
"title":"27",
"verseId":"PS27_0"
},
{
"level":"2",
"title":"A Psalm of David.",
"verseId":"PS27_1"
},
{
"level":"2",
"title":"28",
"verseId":"PS28_0"
},
{
"level":"2",
"title":"A Psalm of David on the occasion of the solemn assembly of the Tabernacle.",
"verseId":"PS28_1"
},
{
"level":"2",
"title":"29",
"verseId":"PS29_0"
},
{
"level":"2",
"title":"For the end, a Psalm 29. 1 Gr. of a song.and Song at the dedication of the house of David.",
"verseId":"PS29_1"
},
{
"level":"2",
"title":"30",
"verseId":"PS30_0"
},
{
"level":"2",
"title":"For the end, a Psalm of David, an utterance of 30. 1 Gr. ecstasy. See title.extreme fear.",
"verseId":"PS30_1"
},
{
"level":"2",
"title":"31",
"verseId":"PS31_0"
},
{
"level":"2",
"title":"A Psalm of 31. 1 Gr. for or, of.instruction by David.",
"verseId":"PS31_1"
},
{
"level":"2",
"title":"32",
"verseId":"PS32_0"
},
{
"level":"2",
"title":"A Psalm of David.",
"verseId":"PS32_1"
},
{
"level":"2",
"title":"33",
"verseId":"PS33_0"
},
{
"level":"2",
"title":"A Psalm of David, when he changed his countenance before Abimelech; and he let him go, and he departed.",
"verseId":"PS33_1"
},
{
"level":"2",
"title":"34",
"verseId":"PS34_0"
},
{
"level":"2",
"title":"A Psalm of David.",
"verseId":"PS34_1"
},
{
"level":"2",
"title":"35",
"verseId":"PS35_0"
},
{
"level":"2",
"title":"For the end, by David the servant of the Lord.",
"verseId":"PS35_1"
},
{
"level":"2",
"title":"36",
"verseId":"PS36_0"
},
{
"level":"2",
"title":"A Psalm of David.",
"verseId":"PS36_1"
},
{
"level":"2",
"title":"37",
"verseId":"PS37_0"
},
{
"level":"2",
"title":"A Psalm of David for remembrance concerning the Sabbath-day.",
"verseId":"PS37_1"
},
{
"level":"2",
"title":"38",
"verseId":"PS38_0"
},
{
"level":"2",
"title":"For the end, a Song of David, to Idithun.",
"verseId":"PS38_1"
},
{
"level":"2",
"title":"39",
"verseId":"PS39_0"
},
{
"level":"2",
"title":"For the end, a Psalm of David.",
"verseId":"PS39_1"
},
{
"level":"2",
"title":"40",
"verseId":"PS40_0"
},
{
"level":"2",
"title":"For the end, a Psalm of David.",
"verseId":"PS40_1"
},
{
"level":"2",
"title":"41",
"verseId":"PS41_0"
},
{
"level":"2",
"title":"For the end, a Psalm for instruction, for the sons of Core.",
"verseId":"PS41_1"
},
{
"level":"2",
"title":"42",
"verseId":"PS42_0"
},
{
"level":"2",
"title":"A Psalm of David.",
"verseId":"PS42_1"
},
{
"level":"2",
"title":"43",
"verseId":"PS43_0"
},
{
"level":"2",
"title":"For the end, a Psalm for 43. 1 Gr. understanding.instruction, for the sons of Core.",
"verseId":"PS43_1"
},
{
"level":"2",
"title":"44",
"verseId":"PS44_0"
},
{
"level":"2",
"title":"For the end, for 44. 1 See also Ps. 68; 79, titles; q. d. repeated, see Hebrew.alternate strains by the sons of Core; for instruction, a Song concerning the beloved.",
"verseId":"PS44_1"
},
{
"level":"2",
"title":"45",
"verseId":"PS45_0"
},
{
"level":"2",
"title":"For the end, for the sons of Core; a Psalm concerning secret things.",
"verseId":"PS45_1"
},
{
"level":"2",
"title":"46",
"verseId":"PS46_0"
},
{
"level":"2",
"title":"For the end, a Psalm for the sons of Core.",
"verseId":"PS46_1"
},
{
"level":"2",
"title":"47",
"verseId":"PS47_0"
},
{
"level":"2",
"title":"A Psalm of 47. 1 A song.praise for the sons of Core on the second day of the week.",
"verseId":"PS47_1"
},
{
"level":"2",
"title":"48",
"verseId":"PS48_0"
},
{
"level":"2",
"title":"For the end, a Psalm for the sons of Core.",
"verseId":"PS48_1"
},
{
"level":"2",
"title":"49",
"verseId":"PS49_0"
},
{
"level":"2",
"title":"A Psalm 49. 1 Or, of.for Asaph.",
"verseId":"PS49_1"
},
{
"level":"2",
"title":"50",
"verseId":"PS50_0"
},
{
"level":"2",
"title":"For the end, a Psalm of David, when Nathan the prophet came to him, when he had gone in to Bersabee.",
"verseId":"PS50_2"
},
{
"level":"2",
"title":"51",
"verseId":"PS51_0"
},
{
"level":"2",
"title":"For the end, a Psalm of 51. 1 Gr. governing.instruction by David, when Doec the Idumean came and told Saul, and said to him, David is gone to the house of Abimelech.",
"verseId":"PS51_2"
},
{
"level":"2",
"title":"52",
"verseId":"PS52_0"
},
{
"level":"2",
"title":"For the end, a Psalm of David upon Maeleth, of instruction.",
"verseId":"PS52_1"
},
{
"level":"2",
"title":"53",
"verseId":"PS53_0"
},
{
"level":"2",
"title":"For the end, among the Hymns of instruction by David, when the Ziphites came and said to Saul, Lo, is not David hid with us?",
"verseId":"PS53_2"
},
{
"level":"2",
"title":"54",
"verseId":"PS54_0"
},
{
"level":"2",
"title":"For the end, among Hymns of instruction by David.",
"verseId":"PS54_1"
},
{
"level":"2",
"title":"55",
"verseId":"PS55_0"
},
{
"level":"2",
"title":"For the end, concerning the people that were removed from the 55. 1 Or, holy things.sanctuary, by David for a memorial, when the Philistines caught him in Geth.",
"verseId":"PS55_1"
},
{
"level":"2",
"title":"56",
"verseId":"PS56_0"
},
{
"level":"2",
"title":"For the end. Destroy not: by David, for a memorial, when he fled from the presence of Saul to the cave.",
"verseId":"PS56_1"
},
{
"level":"2",
"title":"57",
"verseId":"PS57_0"
},
{
"level":"2",
"title":"For the end. Destroy not: by David, for a memorial.",
"verseId":"PS57_1"
},
{
"level":"2",
"title":"58",
"verseId":"PS58_0"
},
{
"level":"2",
"title":"For the end. Destroy not: by David for a memorial, when Saul sent, and watched his house to kill him.",
"verseId":"PS58_1"
},
{
"level":"2",
"title":"59",
"verseId":"PS59_0"
},
{
"level":"2",
"title":"For the end, for them that shall yet be changed; for an inscription by David for instruction, when he had burned Mesopotamia of Syria, and Syria Sobal, and Joab had returned and smitten in the valley of salt twelve thousand.",
"verseId":"PS59_2"
},
{
"level":"2",
"title":"60",
"verseId":"PS60_0"
},
{
"level":"2",
"title":"For the end, among the Hymns of David.",
"verseId":"PS60_1"
},
{
"level":"2",
"title":"61",
"verseId":"PS61_0"
},
{
"level":"2",
"title":"For the end, a Psalm of David for Idithun.",
"verseId":"PS61_1"
},
{
"level":"2",
"title":"62",
"verseId":"PS62_0"
},
{
"level":"2",
"title":"A Psalm of David, when he was in the wilderness of Idumea.",
"verseId":"PS62_1"
},
{
"level":"2",
"title":"63",
"verseId":"PS63_0"
},
{
"level":"2",
"title":"For the end, a Psalm of David.",
"verseId":"PS63_1"
},
{
"level":"2",
"title":"64",
"verseId":"PS64_0"
},
{
"level":"2",
"title":"For the end, a Psalm and Song of David.",
"verseId":"PS64_1"
},
{
"level":"2",
"title":"65",
"verseId":"PS65_0"
},
{
"level":"2",
"title":"For the end, a Song of a Psalm of resurrection.",
"verseId":"PS65_1"
},
{
"level":"2",
"title":"66",
"verseId":"PS66_0"
},
{
"level":"2",
"title":"For the end, a Psalm of David among the Hymns.",
"verseId":"PS66_1"
},
{
"level":"2",
"title":"67",
"verseId":"PS67_0"
},
{
"level":"2",
"title":"For the end, a Psalm of a Song by David.",
"verseId":"PS67_1"
},
{
"level":"2",
"title":"68",
"verseId":"PS68_0"
},
{
"level":"2",
"title":"For the end, a Psalm of David, for 68. 1 See Ps. 44. title.alternate strains.",
"verseId":"PS68_1"
},
{
"level":"2",
"title":"69",
"verseId":"PS69_0"
},
{
"level":"2",
"title":"For the end, by David for a remembrance, that the Lord may save me.",
"verseId":"PS69_1"
},
{
"level":"2",
"title":"70",
"verseId":"PS70_0"
},
{
"level":"2",
"title":"By David, a Psalm sung by the sons of Jonadab, and the first that were taken captive.",
"verseId":"PS70_1"
},
{
"level":"2",
"title":"71",
"verseId":"PS71_0"
},
{
"level":"2",
"title":"For Solomon.",
"verseId":"PS71_1"
},
{
"level":"2",
"title":"The hymns of David the son of Jessæ are ended.",
"verseId":"PS71_20"
},
{
"level":"2",
"title":"72",
"verseId":"PS72_0"
},
{
"level":"2",
"title":"A Psalm for Asaph.",
"verseId":"PS72_1"
},
{
"level":"2",
"title":"73",
"verseId":"PS73_0"
},
{
"level":"2",
"title":"A Psalm of 73. 1 Gr. understanding.instruction for Asaph.",
"verseId":"PS73_1"
},
{
"level":"2",
"title":"74",
"verseId":"PS74_0"
},
{
"level":"2",
"title":"For the end, Destroy not, a Psalm of a Song for Asaph.",
"verseId":"PS74_1"
},
{
"level":"2",
"title":"75",
"verseId":"PS75_0"
},
{
"level":"2",
"title":"For the end, among the Hymns, a Psalm for Asaph; a Song for the Assyrian.",
"verseId":"PS75_1"
},
{
"level":"2",
"title":"76",
"verseId":"PS76_0"
},
{
"level":"2",
"title":"For the end, for Idithun, a Psalm of Asaph.",
"verseId":"PS76_1"
},
{
"level":"2",
"title":"77",
"verseId":"PS77_0"
},
{
"level":"2",
"title":"A Psalm of 77. 1 Gr. understanding.instruction for Asaph.",
"verseId":"PS77_1"
},
{
"level":"2",
"title":"78",
"verseId":"PS78_0"
},
{
"level":"2",
"title":"A Psalm for Asaph.",
"verseId":"PS78_1"
},
{
"level":"2",
"title":"79",
"verseId":"PS79_0"
},
{
"level":"2",
"title":"For the 79. 1 See Ps. 44, and 68, titles.end, for alternate strains, a testimony for Asaph, a Psalm concerning the Assyrian.",
"verseId":"PS79_1"
},
{
"level":"2",
"title":"80",
"verseId":"PS80_0"
},
{
"level":"2",
"title":"For the end, a Psalm for 80. 1 Alex. David.Asaph, concerning the wine-presses.",
"verseId":"PS80_1"
},
{
"level":"2",
"title":"81",
"verseId":"PS81_0"
},
{
"level":"2",
"title":"A Psalm for Asaph.",
"verseId":"PS81_1"
},
{
"level":"2",
"title":"82",
"verseId":"PS82_0"
},
{
"level":"2",
"title":"A Song of a Psalm for Asaph.",
"verseId":"PS82_1"
},
{
"level":"2",
"title":"83",
"verseId":"PS83_0"
},
{
"level":"2",
"title":"For the end, a Psalm for the sons of Core, concerning the wine-presses.",
"verseId":"PS83_1"
},
{
"level":"2",
"title":"84",
"verseId":"PS84_0"
},
{
"level":"2",
"title":"For the end, a Psalm for the sons of Core.",
"verseId":"PS84_1"
},
{
"level":"2",
"title":"85",
"verseId":"PS85_0"
},
{
"level":"2",
"title":"A Prayer of David.",
"verseId":"PS85_1"
},
{
"level":"2",
"title":"86",
"verseId":"PS86_0"
},
{
"level":"2",
"title":"A Psalm of a Song for the sons of Core.",
"verseId":"PS86_1"
},
{
"level":"2",
"title":"87",
"verseId":"PS87_0"
},
{
"level":"2",
"title":"A song of a Psalm for the sons of Core for the end, upon Maeleth for responsive strains, of 87. 1 Gr. understanding.instruction for Æman the Israelite.",
"verseId":"PS87_1"
},
{
"level":"2",
"title":"88",
"verseId":"PS88_0"
},
{
"level":"2",
"title":"A Psalm of instruction for Ætham the Israelite.",
"verseId":"PS88_1"
},
{
"level":"2",
"title":"89",
"verseId":"PS89_0"
},
{
"level":"2",
"title":"A Prayer of Moses the man of God.",
"verseId":"PS89_1"
},
{
"level":"2",
"title":"90",
"verseId":"PS90_0"
},
{
"level":"2",
"title":"Praise of a Song, by David.",
"verseId":"PS90_1"
},
{
"level":"2",
"title":"91",
"verseId":"PS91_0"
},
{
"level":"2",
"title":"A Psalm of a Song for the Sabbath-day.",
"verseId":"PS91_1"
},
{
"level":"2",
"title":"92",
"verseId":"PS92_0"
},
{
"level":"2",
"title":"For 92. 1 Alex. the sabbath-day.the day before the Sabbath, when the land was first inhabited, the praise of a Song by David.",
"verseId":"PS92_1"
},
{
"level":"2",
"title":"93",
"verseId":"PS93_0"
},
{
"level":"2",
"title":"A Psalm of David for the fourth day of the week.",
"verseId":"PS93_1"
},
{
"level":"2",
"title":"94",
"verseId":"PS94_0"
},
{
"level":"2",
"title":"The praise of a Song by David.",
"verseId":"PS94_1"
},
{
"level":"2",
"title":"95",
"verseId":"PS95_0"
},
{
"level":"2",
"title":"When the house was built after the Captivity, a Song by David.",
"verseId":"PS95_1"
},
{
"level":"2",
"title":"96",
"verseId":"PS96_0"
},
{
"level":"2",
"title":"For David, when his land is established.",
"verseId":"PS96_1"
},
{
"level":"2",
"title":"97",
"verseId":"PS97_0"
},
{
"level":"2",
"title":"A Psalm of David.",
"verseId":"PS97_1"
},
{
"level":"2",
"title":"98",
"verseId":"PS98_0"
},
{
"level":"2",
"title":"A Psalm of David.",
"verseId":"PS98_1"
},
{
"level":"2",
"title":"99",
"verseId":"PS99_0"
},
{
"level":"2",
"title":"A Psalm for Thanksgiving.",
"verseId":"PS99_1"
},
{
"level":"2",
"title":"100",
"verseId":"PS100_0"
},
{
"level":"2",
"title":"A Psalm of David.",
"verseId":"PS100_1"
},
{
"level":"2",
"title":"101",
"verseId":"PS101_0"
},
{
"level":"2",
"title":"A Prayer for the Poor; when he is deeply afflicted, and pours out his supplication before the Lord.",
"verseId":"PS101_1"
},
{
"level":"2",
"title":"102",
"verseId":"PS102_0"
},
{
"level":"2",
"title":"A Psalm of David.",
"verseId":"PS102_1"
},
{
"level":"2",
"title":"103",
"verseId":"PS103_0"
},
{
"level":"2",
"title":"A Psalm of David.",
"verseId":"PS103_1"
},
{
"level":"2",
"title":"104",
"verseId":"PS104_0"
},
{
"level":"2",
"title":"Alleluia.",
"verseId":"PS104_1"
},
{
"level":"2",
"title":"105",
"verseId":"PS105_0"
},
{
"level":"2",
"title":"Alleluia.",
"verseId":"PS105_1"
},
{
"level":"2",
"title":"106",
"verseId":"PS106_0"
},
{
"level":"2",
"title":"Alleluia.",
"verseId":"PS106_1"
},
{
"level":"2",
"title":"107",
"verseId":"PS107_0"
},
{
"level":"2",
"title":"Song of a Psalm by David.",
"verseId":"PS107_1"
},
{
"level":"2",
"title":"108",
"verseId":"PS108_0"
},
{
"level":"2",
"title":"For the end, a Psalm of David.",
"verseId":"PS108_1"
},
{
"level":"2",
"title":"109",
"verseId":"PS109_0"
},
{
"level":"2",
"title":"A Psalm of David.",
"verseId":"PS109_1"
},
{
"level":"2",
"title":"110",
"verseId":"PS110_0"
},
{
"level":"2",
"title":"Alleluia.",
"verseId":"PS110_1"
},
{
"level":"2",
"title":"111",
"verseId":"PS111_0"
},
{
"level":"2",
"title":"Alleluia.",
"verseId":"PS111_1"
},
{
"level":"2",
"title":"112",
"verseId":"PS112_0"
},
{
"level":"2",
"title":"Alleluia.",
"verseId":"PS112_1"
},
{
"level":"2",
"title":"113",
"verseId":"PS113_0"
},
{
"level":"2",
"title":"Alleluia.",
"verseId":"PS113_1"
},
{
"level":"2",
"title":"114",
"verseId":"PS114_0"
},
{
"level":"2",
"title":"Alleluia.",
"verseId":"PS114_1"
},
{
"level":"2",
"title":"115",
"verseId":"PS115_0"
},
{
"level":"2",
"title":"Alleluia.",
"verseId":"PS115_1"
},
{
"level":"2",
"title":"116",
"verseId":"PS116_0"
},
{
"level":"2",
"title":"Alleluia.",
"verseId":"PS116_1"
},
{
"level":"2",
"title":"117",
"verseId":"PS117_0"
},
{
"level":"2",
"title":"Alleluia.",
"verseId":"PS117_1"
},
{
"level":"2",
"title":"118",
"verseId":"PS118_0"
},
{
"level":"2",
"title":"Alleluia.",
"verseId":"PS118_1"
},
{
"level":"2",
"title":"119",
"verseId":"PS119_0"
},
{
"level":"2",
"title":"A Song of Degrees.",
"verseId":"PS119_1"
},
{
"level":"2",
"title":"120",
"verseId":"PS120_0"
},
{
"level":"2",
"title":"A Song of Degrees.",
"verseId":"PS120_1"
},
{
"level":"2",
"title":"121",
"verseId":"PS121_0"
},
{
"level":"2",
"title":"A Song of Degrees.",
"verseId":"PS121_1"
},
{
"level":"2",
"title":"122",
"verseId":"PS122_0"
},
{
"level":"2",
"title":"A Song of Degrees.",
"verseId":"PS122_1"
},
{
"level":"2",
"title":"123",
"verseId":"PS123_0"
},
{
"level":"2",
"title":"A Song of Degrees.",
"verseId":"PS123_1"
},
{
"level":"2",
"title":"124",
"verseId":"PS124_0"
},
{
"level":"2",
"title":"A Song of Degrees.",
"verseId":"PS124_1"
},
{
"level":"2",
"title":"125",
"verseId":"PS125_0"
},
{
"level":"2",
"title":"A Song of Degrees.",
"verseId":"PS125_1"
},
{
"level":"2",
"title":"126",
"verseId":"PS126_0"
},
{
"level":"2",
"title":"A Song of Degrees.",
"verseId":"PS126_1"
},
{
"level":"2",
"title":"127",
"verseId":"PS127_0"
},
{
"level":"2",
"title":"A Song of Degrees.",
"verseId":"PS127_1"
},
{
"level":"2",
"title":"128",
"verseId":"PS128_0"
},
{
"level":"2",
"title":"A Song of Degrees.",
"verseId":"PS128_1"
},
{
"level":"2",
"title":"129",
"verseId":"PS129_0"
},
{
"level":"2",
"title":"A Song of Degrees.",
"verseId":"PS129_1"
},
{
"level":"2",
"title":"130",
"verseId":"PS130_0"
},
{
"level":"2",
"title":"130. 1 Alex. + 'for David.'A Song of Degrees.",
"verseId":"PS130_1"
},
{
"level":"2",
"title":"131",
"verseId":"PS131_0"
},
{
"level":"2",
"title":"A Song of Degrees.",
"verseId":"PS131_1"
},
{
"level":"2",
"title":"132",
"verseId":"PS132_0"
},
{
"level":"2",
"title":"132. 1 Alex. + 'for David.'A Song of Degrees.",
"verseId":"PS132_1"
},
{
"level":"2",
"title":"133",
"verseId":"PS133_0"
},
{
"level":"2",
"title":"A Song of Degrees.",
"verseId":"PS133_1"
},
{
"level":"2",
"title":"134",
"verseId":"PS134_0"
},
{
"level":"2",
"title":"Alleluia.",
"verseId":"PS134_1"
},
{
"level":"2",
"title":"135",
"verseId":"PS135_0"
},
{
"level":"2",
"title":"Alleluia.",
"verseId":"PS135_1"
},
{
"level":"2",
"title":"136",
"verseId":"PS136_0"
},
{
"level":"2",
"title":"136. 1 Alex. omits.For David, a Psalm of Jeremias.",
"verseId":"PS136_1"
},
{
"level":"2",
"title":"137",
"verseId":"PS137_0"
},
{
"level":"2",
"title":"A Psalm for David, of Aggæus and Zacharias.",
"verseId":"PS137_1"
},
{
"level":"2",
"title":"138",
"verseId":"PS138_0"
},
{
"level":"2",
"title":"For the end, a Psalm of David.138. 1 Alex. + of Zacharias in the dispersion.",
"verseId":"PS138_1"
},
{
"level":"2",
"title":"139",
"verseId":"PS139_0"
},
{
"level":"2",
"title":"For the end, a Psalm of David.",
"verseId":"PS139_1"
},
{
"level":"2",
"title":"140",
"verseId":"PS140_0"
},
{
"level":"2",
"title":"A Psalm of David.",
"verseId":"PS140_1"
},
{
"level":"2",
"title":"141",
"verseId":"PS141_0"
},
{
"level":"2",
"title":"A Psalm of instruction for David, when he was in the cave,—a Prayer.",
"verseId":"PS141_1"
},
{
"level":"2",
"title":"142",
"verseId":"PS142_0"
},
{
"level":"2",
"title":"A Psalm of David, when his son pursued him.",
"verseId":"PS142_1"
},
{
"level":"2",
"title":"143",
"verseId":"PS143_0"
},
{
"level":"2",
"title":"A Psalm of David concerning Goliad.",
"verseId":"PS143_1"
},
{
"level":"2",
"title":"144",
"verseId":"PS144_0"
},
{
"level":"2",
"title":"David's Psalm of praise.",
"verseId":"PS144_1"
},
{
"level":"2",
"title":"145",
"verseId":"PS145_0"
},
{
"level":"2",
"title":"Alleluia, a Psalm of Aggæus and Zacharias.",
"verseId":"PS145_1"
},
{
"level":"2",
"title":"146",
"verseId":"PS146_0"
},
{
"level":"2",
"title":"Alleluia, a Psalm of Aggæus and Zacharias.",
"verseId":"PS146_1"
},
{
"level":"2",
"title":"147",
"verseId":"PS147_0"
},
{
"level":"2",
"title":"Alleluia, a Psalm of Aggæus and Zacharias.147. 1 In the original text, the following verses are numbered 12 to 20.",
"verseId":"PS147_1"
},
{
"level":"2",
"title":"148",
"verseId":"PS148_0"
},
{
"level":"2",
"title":"Alleluia, a Psalm of Aggæus and Zacharias.",
"verseId":"PS148_1"
},
{
"level":"2",
"title":"149",
"verseId":"PS149_0"
},
{
"level":"2",
"title":"Alleluia.",
"verseId":"PS149_1"
},
{
"level":"2",
"title":"150",
"verseId":"PS150_0"
},
{
"level":"2",
"title":"Alleluia.",
"verseId":"PS150_1"
},
{
"level":"2",
"title":"151",
"verseId":"PS151_0"
},
{
"level":"2",
"title":"This Psalm is a genuine one of David, though supernumerary, composed when he fought in single combat with 151. 1 Alex. Goliath.Goliad.",
"verseId":"PS151_1"
}
,
{
"level":"1",
"title":"Esaias",
"verseId":"IS0_0"
},
{
"level":"2",
"title":"1",
"verseId":"IS1_0"
},
{
"level":"2",
"title":"2",
"verseId":"IS2_0"
},
{
"level":"2",
"title":"3",
"verseId":"IS3_0"
},
{
"level":"2",
"title":"4",
"verseId":"IS4_0"
},
{
"level":"2",
"title":"5",
"verseId":"IS5_0"
},
{
"level":"2",
"title":"6",
"verseId":"IS6_0"
},
{
"level":"2",
"title":"7",
"verseId":"IS7_0"
},
{
"level":"2",
"title":"8",
"verseId":"IS8_0"
},
{
"level":"2",
"title":"9",
"verseId":"IS9_0"
},
{
"level":"2",
"title":"10",
"verseId":"IS10_0"
},
{
"level":"2",
"title":"11",
"verseId":"IS11_0"
},
{
"level":"2",
"title":"12",
"verseId":"IS12_0"
},
{
"level":"2",
"title":"13",
"verseId":"IS13_0"
},
{
"level":"2",
"title":"The Vision which Esaias son of Amos saw against Babylon.",
"verseId":"IS13_1"
},
{
"level":"2",
"title":"14",
"verseId":"IS14_0"
},
{
"level":"2",
"title":"15",
"verseId":"IS15_0"
},
{
"level":"2",
"title":"The Word against the Land of Moab.",
"verseId":"IS15_1"
},
{
"level":"2",
"title":"16",
"verseId":"IS16_0"
},
{
"level":"2",
"title":"17",
"verseId":"IS17_0"
},
{
"level":"2",
"title":"The Word against Damascus.",
"verseId":"IS17_1"
},
{
"level":"2",
"title":"18",
"verseId":"IS18_0"
},
{
"level":"2",
"title":"19",
"verseId":"IS19_0"
},
{
"level":"2",
"title":"The Vision of Egypt.",
"verseId":"IS19_1"
},
{
"level":"2",
"title":"20",
"verseId":"IS20_0"
},
{
"level":"2",
"title":"21",
"verseId":"IS21_0"
},
{
"level":"2",
"title":"The Vision of the Desert.",
"verseId":"IS21_1"
},
{
"level":"2",
"title":"The Vision of Idumea.",
"verseId":"IS21_11"
},
{
"level":"2",
"title":"22",
"verseId":"IS22_0"
},
{
"level":"2",
"title":"The Word of the Valley of Sion.",
"verseId":"IS22_1"
},
{
"level":"2",
"title":"23",
"verseId":"IS23_0"
},
{
"level":"2",
"title":"The Word concerning Tyre.",
"verseId":"IS23_1"
},
{
"level":"2",
"title":"24",
"verseId":"IS24_0"
},
{
"level":"2",
"title":"25",
"verseId":"IS25_0"
},
{
"level":"2",
"title":"26",
"verseId":"IS26_0"
},
{
"level":"2",
"title":"27",
"verseId":"IS27_0"
},
{
"level":"2",
"title":"28",
"verseId":"IS28_0"
},
{
"level":"2",
"title":"29",
"verseId":"IS29_0"
},
{
"level":"2",
"title":"30",
"verseId":"IS30_0"
},
{
"level":"2",
"title":"The Vision of the Quadrupeds in the Desert.",
"verseId":"IS30_6"
},
{
"level":"2",
"title":"31",
"verseId":"IS31_0"
},
{
"level":"2",
"title":"32",
"verseId":"IS32_0"
},
{
"level":"2",
"title":"33",
"verseId":"IS33_0"
},
{
"level":"2",
"title":"34",
"verseId":"IS34_0"
},
{
"level":"2",
"title":"35",
"verseId":"IS35_0"
},
{
"level":"2",
"title":"36",
"verseId":"IS36_0"
},
{
"level":"2",
"title":"37",
"verseId":"IS37_0"
},
{
"level":"2",
"title":"38",
"verseId":"IS38_0"
},
{
"level":"2",
"title":"The Prayer of Ezekias king of Judea, when he38. 9 Gr. was sick.had been sick, and was recovered from his sickness.",
"verseId":"IS38_9"
},
{
"level":"2",
"title":"39",
"verseId":"IS39_0"
},
{
"level":"2",
"title":"40",
"verseId":"IS40_0"
},
{
"level":"2",
"title":"41",
"verseId":"IS41_0"
},
{
"level":"2",
"title":"42",
"verseId":"IS42_0"
},
{
"level":"2",
"title":"43",
"verseId":"IS43_0"
},
{
"level":"2",
"title":"44",
"verseId":"IS44_0"
},
{
"level":"2",
"title":"45",
"verseId":"IS45_0"
},
{
"level":"2",
"title":"46",
"verseId":"IS46_0"
},
{
"level":"2",
"title":"47",
"verseId":"IS47_0"
},
{
"level":"2",
"title":"48",
"verseId":"IS48_0"
},
{
"level":"2",
"title":"49",
"verseId":"IS49_0"
},
{
"level":"2",
"title":"50",
"verseId":"IS50_0"
},
{
"level":"2",
"title":"51",
"verseId":"IS51_0"
},
{
"level":"2",
"title":"52",
"verseId":"IS52_0"
},
{
"level":"2",
"title":"53",
"verseId":"IS53_0"
},
{
"level":"2",
"title":"54",
"verseId":"IS54_0"
},
{
"level":"2",
"title":"55",
"verseId":"IS55_0"
},
{
"level":"2",
"title":"56",
"verseId":"IS56_0"
},
{
"level":"2",
"title":"57",
"verseId":"IS57_0"
},
{
"level":"2",
"title":"58",
"verseId":"IS58_0"
},
{
"level":"2",
"title":"59",
"verseId":"IS59_0"
},
{
"level":"2",
"title":"60",
"verseId":"IS60_0"
},
{
"level":"2",
"title":"61",
"verseId":"IS61_0"
},
{
"level":"2",
"title":"62",
"verseId":"IS62_0"
},
{
"level":"2",
"title":"63",
"verseId":"IS63_0"
},
{
"level":"2",
"title":"64",
"verseId":"IS64_0"
},
{
"level":"2",
"title":"65",
"verseId":"IS65_0"
},
{
"level":"2",
"title":"66",
"verseId":"IS66_0"
}
,
{
"level":"1",
"title":"Jeremias",
"verseId":"JR0_0"
},
{
"level":"2",
"title":"1",
"verseId":"JR1_0"
},
{
"level":"2",
"title":"2",
"verseId":"JR2_0"
},
{
"level":"2",
"title":"3",
"verseId":"JR3_0"
},
{
"level":"2",
"title":"4",
"verseId":"JR4_0"
},
{
"level":"2",
"title":"5",
"verseId":"JR5_0"
},
{
"level":"2",
"title":"6",
"verseId":"JR6_0"
},
{
"level":"2",
"title":"7",
"verseId":"JR7_0"
},
{
"level":"2",
"title":"8",
"verseId":"JR8_0"
},
{
"level":"2",
"title":"9",
"verseId":"JR9_0"
},
{
"level":"2",
"title":"10",
"verseId":"JR10_0"
},
{
"level":"2",
"title":"11",
"verseId":"JR11_0"
},
{
"level":"2",
"title":"12",
"verseId":"JR12_0"
},
{
"level":"2",
"title":"13",
"verseId":"JR13_0"
},
{
"level":"2",
"title":"14",
"verseId":"JR14_0"
},
{
"level":"2",
"title":"And the Word of the Lord came to Jeremias concerning the Drought.",
"verseId":"JR14_1"
},
{
"level":"2",
"title":"15",
"verseId":"JR15_0"
},
{
"level":"2",
"title":"16",
"verseId":"JR16_0"
},
{
"level":"2",
"title":"17",
"verseId":"JR17_0"
},
{
"level":"2",
"title":"18",
"verseId":"JR18_0"
},
{
"level":"2",
"title":"19",
"verseId":"JR19_0"
},
{
"level":"2",
"title":"20",
"verseId":"JR20_0"
},
{
"level":"2",
"title":"21",
"verseId":"JR21_0"
},
{
"level":"2",
"title":"22",
"verseId":"JR22_0"
},
{
"level":"2",
"title":"23",
"verseId":"JR23_0"
},
{
"level":"2",
"title":"24",
"verseId":"JR24_0"
},
{
"level":"2",
"title":"25",
"verseId":"JR25_0"
},
{
"level":"2",
"title":"The Prophecies of Jeremias against the Nations of Ælam.",
"verseId":"JR25_14"
},
{
"level":"2",
"title":"26",
"verseId":"JR26_0"
},
{
"level":"2",
"title":"27",
"verseId":"JR27_0"
},
{
"level":"2",
"title":"The Word of the Lord which He spoke against Babylon.",
"verseId":"JR27_1"
},
{
"level":"2",
"title":"28",
"verseId":"JR28_0"
},
{
"level":"2",
"title":"29",
"verseId":"JR29_0"
},
{
"level":"2",
"title":"Thus saith the Lord against the Philistines;",
"verseId":"JR29_1"
},
{
"level":"2",
"title":"30",
"verseId":"JR30_0"
},
{
"level":"2",
"title":"31",
"verseId":"JR31_0"
},
{
"level":"2",
"title":"32",
"verseId":"JR32_0"
},
{
"level":"2",
"title":"33",
"verseId":"JR33_0"
},
{
"level":"2",
"title":"34",
"verseId":"JR34_0"
},
{
"level":"2",
"title":"35",
"verseId":"JR35_0"
},
{
"level":"2",
"title":"36",
"verseId":"JR36_0"
},
{
"level":"2",
"title":"37",
"verseId":"JR37_0"
},
{
"level":"2",
"title":"38",
"verseId":"JR38_0"
},
{
"level":"2",
"title":"39",
"verseId":"JR39_0"
},
{
"level":"2",
"title":"40",
"verseId":"JR40_0"
},
{
"level":"2",
"title":"41",
"verseId":"JR41_0"
},
{
"level":"2",
"title":"42",
"verseId":"JR42_0"
},
{
"level":"2",
"title":"43",
"verseId":"JR43_0"
},
{
"level":"2",
"title":"44",
"verseId":"JR44_0"
},
{
"level":"2",
"title":"45",
"verseId":"JR45_0"
},
{
"level":"2",
"title":"46",
"verseId":"JR46_0"
},
{
"level":"2",
"title":"47",
"verseId":"JR47_0"
},
{
"level":"2",
"title":"48",
"verseId":"JR48_0"
},
{
"level":"2",
"title":"49",
"verseId":"JR49_0"
},
{
"level":"2",
"title":"50",
"verseId":"JR50_0"
},
{
"level":"2",
"title":"51",
"verseId":"JR51_0"
},
{
"level":"2",
"title":"52",
"verseId":"JR52_0"
}
,
{
"level":"1",
"title":"Ambacum",
"verseId":"HK0_0"
},
{
"level":"2",
"title":"1",
"verseId":"HK1_0"
},
{
"level":"2",
"title":"2",
"verseId":"HK2_0"
},
{
"level":"2",
"title":"3",
"verseId":"HK3_0"
},
{
"level":"2",
"title":"A Prayer of the Prophet Ambacum, with a Song.",
"verseId":"HK3_1"
}
,
{
"level":"1",
"title":"Sirach",
"verseId":"SR0_0"
},
{
"level":"2",
"title":"1",
"verseId":"SR1_0"
},
{
"level":"2",
"title":"The Prologue to the Wisdom of Jesus the son of Sirach",
"verseId":"SR1_0"
},
{
"level":"2",
"title":"2",
"verseId":"SR2_0"
},
{
"level":"2",
"title":"3",
"verseId":"SR3_0"
},
{
"level":"2",
"title":"4",
"verseId":"SR4_0"
},
{
"level":"2",
"title":"5",
"verseId":"SR5_0"
},
{
"level":"2",
"title":"6",
"verseId":"SR6_0"
},
{
"level":"2",
"title":"7",
"verseId":"SR7_0"
},
{
"level":"2",
"title":"8",
"verseId":"SR8_0"
},
{
"level":"2",
"title":"9",
"verseId":"SR9_0"
},
{
"level":"2",
"title":"10",
"verseId":"SR10_0"
},
{
"level":"2",
"title":"11",
"verseId":"SR11_0"
},
{
"level":"2",
"title":"12",
"verseId":"SR12_0"
},
{
"level":"2",
"title":"13",
"verseId":"SR13_0"
},
{
"level":"2",
"title":"14",
"verseId":"SR14_0"
},
{
"level":"2",
"title":"15",
"verseId":"SR15_0"
},
{
"level":"2",
"title":"16",
"verseId":"SR16_0"
},
{
"level":"2",
"title":"17",
"verseId":"SR17_0"
},
{
"level":"2",
"title":"18",
"verseId":"SR18_0"
},
{
"level":"2",
"title":"19",
"verseId":"SR19_0"
},
{
"level":"2",
"title":"20",
"verseId":"SR20_0"
},
{
"level":"2",
"title":"21",
"verseId":"SR21_0"
},
{
"level":"2",
"title":"22",
"verseId":"SR22_0"
},
{
"level":"2",
"title":"23",
"verseId":"SR23_0"
},
{
"level":"2",
"title":"24",
"verseId":"SR24_0"
},
{
"level":"2",
"title":"25",
"verseId":"SR25_0"
},
{
"level":"2",
"title":"26",
"verseId":"SR26_0"
},
{
"level":"2",
"title":"27",
"verseId":"SR27_0"
},
{
"level":"2",
"title":"28",
"verseId":"SR28_0"
},
{
"level":"2",
"title":"29",
"verseId":"SR29_0"
},
{
"level":"2",
"title":"30",
"verseId":"SR30_0"
},
{
"level":"2",
"title":"31",
"verseId":"SR31_0"
},
{
"level":"2",
"title":"32",
"verseId":"SR32_0"
},
{
"level":"2",
"title":"33",
"verseId":"SR33_0"
},
{
"level":"2",
"title":"34",
"verseId":"SR34_0"
},
{
"level":"2",
"title":"35",
"verseId":"SR35_0"
},
{
"level":"2",
"title":"36",
"verseId":"SR36_0"
},
{
"level":"2",
"title":"37",
"verseId":"SR37_0"
},
{
"level":"2",
"title":"38",
"verseId":"SR38_0"
},
{
"level":"2",
"title":"39",
"verseId":"SR39_0"
},
{
"level":"2",
"title":"40",
"verseId":"SR40_0"
},
{
"level":"2",
"title":"41",
"verseId":"SR41_0"
},
{
"level":"2",
"title":"42",
"verseId":"SR42_0"
},
{
"level":"2",
"title":"43",
"verseId":"SR43_0"
},
{
"level":"2",
"title":"44",
"verseId":"SR44_0"
},
{
"level":"2",
"title":"45",
"verseId":"SR45_0"
},
{
"level":"2",
"title":"46",
"verseId":"SR46_0"
},
{
"level":"2",
"title":"47",
"verseId":"SR47_0"
},
{
"level":"2",
"title":"48",
"verseId":"SR48_0"
},
{
"level":"2",
"title":"49",
"verseId":"SR49_0"
},
{
"level":"2",
"title":"50",
"verseId":"SR50_0"
},
{
"level":"2",
"title":"51",
"verseId":"SR51_0"
}
]
}
