{
"id":"eng-Brenton",
"haiola_id":"eng-Brenton",
"fcbh_id":"ENGBRE",
"type":"bible",
"name":"Brenton Septuagint Translation",
"nameEnglish":"Brenton English Septuagint",
"hasLemma":false,
"abbr":"Brenton",
"dir":"ltr",
"lang":"eng",
"langName":"English",
"langNameEnglish":"English",
"fontClass":"gentium_plus",
"script":"Latin",
"dialectCode":"engarchaic BritishLatin",
"audioDirectory":"ENGBRE",
"fcbh_drama_nt":"",
"fcbh_drama_ot":"",
"fcbh_audio_nt":"",
"fcbh_audio_ot":"",
"fcbh_portion":"",
"numbers":["0","1","2","3","4","5","6","7","8","9","10","11","12","13","14","15","16","17","18","19","20","21","22","23","24","25","26","27","28","29","30","31","32","33","34","35","36","37","38","39","40","41","42","43","44","45","46","47","48","49","50","51","52","53","54","55","56","57","58","59","60","61","62","63","64","65","66","67","68","69","70","71","72","73","74","75","76","77","78","79","80","81","82","83","84","85","86","87","88","89","90","91","92","93","94","95","96","97","98","99","100","101","102","103","104","105","106","107","108","109","110","111","112","113","114","115","116","117","118","119","120","121","122","123","124","125","126","127","128","129","130","131","132","133","134","135","136","137","138","139","140","141","142","143","144","145","146","147","148","149","150"],
"country":"United Kingdom",
"countryCode":"GB",
"countries":["GB","AE","AG","AI","AS","AU","AW","BB","BH","BL","BM","BN","BQ","BS","BT","BW","BZ","CA","CK","CM","CW","DM","DO","ER","ET","FJ","FM","GD","GH","GI","GM","GU","GY","HK","HN","IE","IL","IM","IN","IO","JM","KE","KH","KI","KN","KY","LB","LC","LK","LR","LS","MF","MG","MH","MP","MS","MT","MU","MV","MW","MY","NA","NF","NG","NR","NU","NZ","OM","PG","PH","PK","PM","PN","PR","PW","RW","SB","SC","SD","SG","SL","SO","SS","SX","SZ","TC","TK","TO","TT","TV","TZ","UG","US","VC","VG","VI","VU","WS","ZA","ZM","ZW"],
"allcountries":["GB","AE","AG","AI","AS","AU","AW","BB","BH","BL","BM","BN","BQ","BS","BT","BW","BZ","CA","CK","CM","CW","DM","DO","ER","ET","FJ","FM","GD","GH","GI","GM","GU","GY","HK","HN","IE","IL","IM","IN","IO","JM","KE","KH","KI","KN","KY","LB","LC","LK","LR","LS","MF","MG","MH","MP","MS","MT","MU","MV","MW","MY","NA","NF","NG","NR","NU","NZ","OM","PG","PH","PK","PM","PN","PR","PW","RW","SB","SC","SD","SG","SL","SO","SS","SX","SZ","TC","TK","TO","TT","TV","TZ","UG","US","VC","VG","VI","VU","WS","ZA","ZM","ZW"],
"stylesheet":"gentium.css",
"timeGenerated":"2023-05-29T12:24:02",
"redistributable":true,
"divisionNames":["Abbreviations","1870 Introduction","Genesis","Exodus","Leviticus","Numbers","Deuteronomy","Joshua","Judges","Ruth","Kings I","Kings II","Kings III","Kings IV","Chronicles I","Chronicles II","Ezra","Nehemiah","Job","Psalms","Proverbs","Ecclesiastes","The Song of Solomon","Esaias","Jeremias","Lamentations","Jezekiel","Osee","Joel","Amos","Obdias","Jonas","Michæas","Naum","Ambacum","Sophonias","Aggæus","Zacharias","Malachias","Tobit","Judith","Esther (Greek)","Wisdom","Sirach","Baruch","Epistle of Jeremy","Susanna","Bel and the Dragon","I Maccabees","II Maccabees","I Esdras","Prayer of Manasses","III Maccabees","IV Maccabees","Daniel (Greek)","The Books of the Apocrypha","Table of Chapters and Verses in Jeremiah","1844 Preface","Errata"],
"divisions":["FR","IN","GN","EX","LV","NU","DT","JS","JG","RT","S1","S2","K1","K2","R1","R2","ER","NH","JB","PS","PR","EC","SS","IS","JR","LM","EK","HS","JL","AM","OB","JH","MC","NM","HK","ZP","HG","ZC","ML","TB","JT","EG","WS","SR","BR","LJ","SN","BL","M1","M2","E1","PN","M3","M4","DG","OH","XA","XB","XC"],
"sections":["FR0",
"IN0",
"GN1","GN2","GN3","GN4","GN5","GN6","GN7","GN8","GN9","GN10","GN11","GN12","GN13","GN14","GN15","GN16","GN17","GN18","GN19","GN20","GN21","GN22","GN23","GN24","GN25","GN26","GN27","GN28","GN29","GN30","GN31","GN32","GN33","GN34","GN35","GN36","GN37","GN38","GN39","GN40","GN41","GN42","GN43","GN44","GN45","GN46","GN47","GN48","GN49","GN50",
"EX1","EX2","EX3","EX4","EX5","EX6","EX7","EX8","EX9","EX10","EX11","EX12","EX13","EX14","EX15","EX16","EX17","EX18","EX19","EX20","EX21","EX22","EX23","EX24","EX25","EX26","EX27","EX28","EX29","EX30","EX31","EX32","EX33","EX34","EX35","EX36","EX37","EX38","EX39","EX40",
"LV1","LV2","LV3","LV4","LV5","LV6","LV7","LV8","LV9","LV10","LV11","LV12","LV13","LV14","LV15","LV16","LV17","LV18","LV19","LV20","LV21","LV22","LV23","LV24","LV25","LV26","LV27",
"NU1","NU2","NU3","NU4","NU5","NU6","NU7","NU8","NU9","NU10","NU11","NU12","NU13","NU14","NU15","NU16","NU17","NU18","NU19","NU20","NU21","NU22","NU23","NU24","NU25","NU26","NU27","NU28","NU29","NU30","NU31","NU32","NU33","NU34","NU35","NU36",
"DT1","DT2","DT3","DT4","DT5","DT6","DT7","DT8","DT9","DT10","DT11","DT12","DT13","DT14","DT15","DT16","DT17","DT18","DT19","DT20","DT21","DT22","DT23","DT24","DT25","DT26","DT27","DT28","DT29","DT30","DT31","DT32","DT33","DT34",
"JS1","JS2","JS3","JS4","JS5","JS6","JS7","JS8","JS9","JS10","JS11","JS12","JS13","JS14","JS15","JS16","JS17","JS18","JS19","JS20","JS21","JS22","JS23","JS24",
"JG1","JG2","JG3","JG4","JG5","JG6","JG7","JG8","JG9","JG10","JG11","JG12","JG13","JG14","JG15","JG16","JG17","JG18","JG19","JG20","JG21",
"RT1","RT2","RT3","RT4",
"S11","S12","S13","S14","S15","S16","S17","S18","S19","S110","S111","S112","S113","S114","S115","S116","S117","S118","S119","S120","S121","S122","S123","S124","S125","S126","S127","S128","S129","S130","S131",
"S21","S22","S23","S24","S25","S26","S27","S28","S29","S210","S211","S212","S213","S214","S215","S216","S217","S218","S219","S220","S221","S222","S223","S224",
"K11","K12","K13","K14","K15","K16","K17","K18","K19","K110","K111","K112","K113","K114","K115","K116","K117","K118","K119","K120","K121","K122",
"K21","K22","K23","K24","K25","K26","K27","K28","K29","K210","K211","K212","K213","K214","K215","K216","K217","K218","K219","K220","K221","K222","K223","K224","K225",
"R11","R12","R13","R14","R15","R16","R17","R18","R19","R110","R111","R112","R113","R114","R115","R116","R117","R118","R119","R120","R121","R122","R123","R124","R125","R126","R127","R128","R129",
"R21","R22","R23","R24","R25","R26","R27","R28","R29","R210","R211","R212","R213","R214","R215","R216","R217","R218","R219","R220","R221","R222","R223","R224","R225","R226","R227","R228","R229","R230","R231","R232","R233","R234","R235","R236",
"ER1","ER2","ER3","ER4","ER5","ER6","ER7","ER8","ER9","ER10","ER11","ER12","ER13","ER14","ER15","ER16","ER17","ER18","ER19","ER20","ER21","ER22","ER23",
"NH1","NH2","NH3","NH4","NH5","NH6","NH7","NH8","NH9","NH10","NH11","NH12","NH13",
"JB1","JB2","JB3","JB4","JB5","JB6","JB7","JB8","JB9","JB10","JB11","JB12","JB13","JB14","JB15","JB16","JB17","JB18","JB19","JB20","JB21","JB22","JB23","JB24","JB25","JB26","JB27","JB28","JB29","JB30","JB31","JB32","JB33","JB34","JB35","JB36","JB37","JB38","JB39","JB40","JB41","JB42",
"PS1","PS2","PS3","PS4","PS5","PS6","PS7","PS8","PS9","PS10","PS11","PS12","PS13","PS14","PS15","PS16","PS17","PS18","PS19","PS20","PS21","PS22","PS23","PS24","PS25","PS26","PS27","PS28","PS29","PS30","PS31","PS32","PS33","PS34","PS35","PS36","PS37","PS38","PS39","PS40","PS41","PS42","PS43","PS44","PS45","PS46","PS47","PS48","PS49","PS50","PS51","PS52","PS53","PS54","PS55","PS56","PS57","PS58","PS59","PS60","PS61","PS62","PS63","PS64","PS65","PS66","PS67","PS68","PS69","PS70","PS71","PS72","PS73","PS74","PS75","PS76","PS77","PS78","PS79","PS80","PS81","PS82","PS83","PS84","PS85","PS86","PS87","PS88","PS89","PS90","PS91","PS92","PS93","PS94","PS95","PS96","PS97","PS98","PS99","PS100","PS101","PS102","PS103","PS104","PS105","PS106","PS107","PS108","PS109","PS110","PS111","PS112","PS113","PS114","PS115","PS116","PS117","PS118","PS119","PS120","PS121","PS122","PS123","PS124","PS125","PS126","PS127","PS128","PS129","PS130","PS131","PS132","PS133","PS134","PS135","PS136","PS137","PS138","PS139","PS140","PS141","PS142","PS143","PS144","PS145","PS146","PS147","PS148","PS149","PS150","PS151",
"PR1","PR2","PR3","PR4","PR5","PR6","PR7","PR8","PR9","PR10","PR11","PR12","PR13","PR14","PR15","PR16","PR17","PR18","PR19","PR20","PR21","PR22","PR23","PR24","PR25","PR26","PR27","PR28","PR29","PR30","PR31",
"EC1","EC2","EC3","EC4","EC5","EC6","EC7","EC8","EC9","EC10","EC11","EC12",
"SS1","SS2","SS3","SS4","SS5","SS6","SS7","SS8",
"IS1","IS2","IS3","IS4","IS5","IS6","IS7","IS8","IS9","IS10","IS11","IS12","IS13","IS14","IS15","IS16","IS17","IS18","IS19","IS20","IS21","IS22","IS23","IS24","IS25","IS26","IS27","IS28","IS29","IS30","IS31","IS32","IS33","IS34","IS35","IS36","IS37","IS38","IS39","IS40","IS41","IS42","IS43","IS44","IS45","IS46","IS47","IS48","IS49","IS50","IS51","IS52","IS53","IS54","IS55","IS56","IS57","IS58","IS59","IS60","IS61","IS62","IS63","IS64","IS65","IS66",
"JR1","JR2","JR3","JR4","JR5","JR6","JR7","JR8","JR9","JR10","JR11","JR12","JR13","JR14","JR15","JR16","JR17","JR18","JR19","JR20","JR21","JR22","JR23","JR24","JR25","JR26","JR27","JR28","JR29","JR30","JR31","JR32","JR33","JR34","JR35","JR36","JR37","JR38","JR39","JR40","JR41","JR42","JR43","JR44","JR45","JR46","JR47","JR48","JR49","JR50","JR51","JR52",
"LM1","LM2","LM3","LM4","LM5",
"EK1","EK2","EK3","EK4","EK5","EK6","EK7","EK8","EK9","EK10","EK11","EK12","EK13","EK14","EK15","EK16","EK17","EK18","EK19","EK20","EK21","EK22","EK23","EK24","EK25","EK26","EK27","EK28","EK29","EK30","EK31","EK32","EK33","EK34","EK35","EK36","EK37","EK38","EK39","EK40","EK41","EK42","EK43","EK44","EK45","EK46","EK47","EK48",
"HS1","HS2","HS3","HS4","HS5","HS6","HS7","HS8","HS9","HS10","HS11","HS12","HS13","HS14",
"JL1","JL2","JL3","JL4",
"AM1","AM2","AM3","AM4","AM5","AM6","AM7","AM8","AM9",
"OB1",
"JH1","JH2","JH3","JH4",
"MC1","MC2","MC3","MC4","MC5","MC6","MC7",
"NM1","NM2","NM3",
"HK1","HK2","HK3",
"ZP1","ZP2","ZP3",
"HG1","HG2",
"ZC1","ZC2","ZC3","ZC4","ZC5","ZC6","ZC7","ZC8","ZC9","ZC10","ZC11","ZC12","ZC13","ZC14",
"ML1","ML2","ML3",
"TB1","TB2","TB3","TB4","TB5","TB6","TB7","TB8","TB9","TB10","TB11","TB12","TB13","TB14",
"JT1","JT2","JT3","JT4","JT5","JT6","JT7","JT8","JT9","JT10","JT11","JT12","JT13","JT14","JT15","JT16",
"EG1","EG2","EG3","EG4","EG5","EG6","EG7","EG8","EG9","EG10",
"WS1","WS2","WS3","WS4","WS5","WS6","WS7","WS8","WS9","WS10","WS11","WS12","WS13","WS14","WS15","WS16","WS17","WS18","WS19",
"SR1","SR2","SR3","SR4","SR5","SR6","SR7","SR8","SR9","SR10","SR11","SR12","SR13","SR14","SR15","SR16","SR17","SR18","SR19","SR20","SR21","SR22","SR23","SR24","SR25","SR26","SR27","SR28","SR29","SR30","SR31","SR32","SR33","SR34","SR35","SR36","SR37","SR38","SR39","SR40","SR41","SR42","SR43","SR44","SR45","SR46","SR47","SR48","SR49","SR50","SR51",
"BR1","BR2","BR3","BR4","BR5",
"LJ1",
"SN1",
"BL1",
"M11","M12","M13","M14","M15","M16","M17","M18","M19","M110","M111","M112","M113","M114","M115","M116",
"M21","M22","M23","M24","M25","M26","M27","M28","M29","M210","M211","M212","M213","M214","M215",
"E11","E12","E13","E14","E15","E16","E17","E18","E19",
"PN1",
"M31","M32","M33","M34","M35","M36","M37",
"M41","M42","M43","M44","M45","M46","M47","M48","M49","M410","M411","M412","M413","M414","M415","M416","M417","M418",
"DG1","DG2","DG3","DG4","DG5","DG6","DG7","DG8","DG9","DG10","DG11","DG12",
"OH0",
"XA0",
"XB0",
"XC0"]
}
